timestamp,source_ip,source_port,destination_ip,destination_port,protocol,flow_bytes,flow_packets,action,anomaly_score,reason
2025-05-06T03:29:47Z,10.0.0.144,34129,10.0.0.150,22,UDP,2939,92,drop,1.38,Abnormal packet size
2025-05-06T16:34:47Z,10.0.0.217,20796,10.0.0.71,22,TCP,6564,39,drop,2.45,Possible port scan
2025-05-01T02:05:47Z,10.0.0.163,19572,10.0.0.248,8080,TCP,5797,18,drop,2.1,Possible port scan
2025-05-04T00:41:47Z,10.0.0.141,7074,10.0.0.114,443,TCP,4017,273,drop,2.22,Abnormal packet size
2025-05-04T01:25:47Z,10.0.0.26,34930,10.0.0.53,22,TCP,7562,145,accept,0.51,Normal traffic
2025-05-05T09:46:47Z,10.0.0.3,2846,10.0.0.149,443,TCP,9547,28,drop,0.87,Unusual traffic detected
2025-04-30T22:58:47Z,10.0.0.15,57459,10.0.0.227,53,TCP,501,295,accept,0.25,Routine connection
2025-05-01T08:03:47Z,10.0.0.39,51002,10.0.0.251,443,TCP,7572,126,drop,1.2,Possible port scan
2025-04-30T10:15:47Z,10.0.0.131,33649,10.0.0.47,443,TCP,4502,44,drop,1.65,Suspicious protocol usage
2025-05-03T16:08:47Z,10.0.0.7,21146,10.0.0.2,443,UDP,2515,233,drop,2.43,Suspicious protocol usage
2025-05-01T20:46:47Z,10.0.0.23,34443,10.0.0.100,443,TCP,1518,294,accept,0.51,Routine connection
2025-05-06T06:00:47Z,10.0.0.6,47384,10.0.0.101,80,TCP,5132,261,drop,2.34,Possible port scan
2025-05-02T13:21:47Z,10.0.0.132,13141,10.0.0.71,443,UDP,6043,96,drop,1.59,Abnormal packet size
2025-05-03T10:27:47Z,10.0.0.167,3093,10.0.0.173,53,UDP,2857,204,accept,0.71,Normal traffic
2025-05-01T13:56:47Z,10.0.0.166,38586,10.0.0.96,22,UDP,4041,252,drop,2.06,Unusual traffic detected
2025-05-01T20:58:47Z,10.0.0.202,1446,10.0.0.230,443,TCP,6087,220,drop,1.59,Unusual traffic detected
2025-05-06T12:47:47Z,10.0.0.22,62923,10.0.0.61,21,TCP,8865,142,drop,0.92,Abnormal packet size
2025-05-02T21:33:47Z,10.0.0.134,44561,10.0.0.17,22,UDP,710,234,drop,0.92,Suspicious protocol usage
2025-05-04T03:06:47Z,10.0.0.79,31259,10.0.0.65,80,TCP,1752,251,drop,1.14,Possible port scan
2025-05-06T13:50:47Z,10.0.0.214,52497,10.0.0.78,21,UDP,9697,243,drop,1.53,Unusual traffic detected
2025-05-01T11:32:47Z,10.0.0.73,47146,10.0.0.66,443,UDP,9145,81,drop,2.23,Abnormal packet size
2025-05-02T02:01:47Z,10.0.0.148,2817,10.0.0.163,443,TCP,4221,156,drop,0.87,Possible port scan
2025-05-01T12:22:47Z,10.0.0.112,31002,10.0.0.206,53,UDP,1168,31,accept,0.62,Normal traffic
2025-05-03T07:33:47Z,10.0.0.2,29635,10.0.0.52,22,UDP,7290,119,drop,2.27,Suspicious protocol usage
2025-05-07T05:07:47Z,10.0.0.55,43731,10.0.0.60,21,UDP,6927,119,drop,1.53,Abnormal packet size
2025-04-30T12:12:47Z,10.0.0.6,24416,10.0.0.170,53,TCP,2009,32,drop,1.88,Suspicious protocol usage
2025-04-30T13:51:47Z,10.0.0.220,12367,10.0.0.157,80,UDP,7282,42,drop,1.95,Abnormal packet size
2025-05-06T17:37:47Z,10.0.0.29,53420,10.0.0.57,53,TCP,9485,162,drop,1.23,Suspicious protocol usage
2025-05-02T23:40:47Z,10.0.0.228,12029,10.0.0.30,443,TCP,1404,49,accept,0.0,Secure communication
2025-05-02T08:15:47Z,10.0.0.81,39110,10.0.0.133,22,UDP,5642,132,accept,0.03,Routine connection
2025-04-30T10:14:47Z,10.0.0.6,28253,10.0.0.149,443,UDP,7450,146,accept,0.26,Routine connection
2025-05-04T16:43:47Z,10.0.0.100,55915,10.0.0.111,80,TCP,2292,96,accept,0.32,Secure communication
2025-05-02T02:06:47Z,10.0.0.228,52778,10.0.0.169,80,UDP,764,47,drop,2.34,Abnormal packet size
2025-05-04T11:11:47Z,10.0.0.213,25292,10.0.0.243,22,TCP,2729,186,accept,0.78,Secure communication
2025-04-30T20:31:47Z,10.0.0.80,64405,10.0.0.111,443,UDP,4250,235,drop,1.29,Possible port scan
2025-05-01T17:15:47Z,10.0.0.107,49496,10.0.0.209,53,UDP,742,296,drop,1.42,Possible port scan
2025-05-05T11:39:47Z,10.0.0.52,14956,10.0.0.78,21,UDP,7603,291,drop,1.46,Unusual traffic detected
2025-05-01T13:46:47Z,10.0.0.189,24170,10.0.0.69,21,TCP,5216,11,drop,1.99,Abnormal packet size
2025-05-03T11:33:47Z,10.0.0.18,45526,10.0.0.231,8080,TCP,798,175,drop,1.96,Possible port scan
2025-05-02T01:34:47Z,10.0.0.219,5655,10.0.0.127,21,UDP,2600,25,drop,2.15,Unusual traffic detected
2025-05-04T07:49:47Z,10.0.0.139,21472,10.0.0.145,22,TCP,2637,103,drop,2.25,Suspicious protocol usage
2025-05-05T00:02:47Z,10.0.0.174,27098,10.0.0.13,22,TCP,1676,180,drop,1.62,Possible port scan
2025-05-05T04:28:47Z,10.0.0.252,55787,10.0.0.249,8080,TCP,9845,211,drop,1.98,Abnormal packet size
2025-05-05T06:25:47Z,10.0.0.53,52096,10.0.0.143,80,TCP,9041,99,drop,0.94,Unusual traffic detected
2025-05-02T04:02:47Z,10.0.0.40,3283,10.0.0.204,443,UDP,8232,296,accept,0.38,Routine connection
2025-05-03T01:17:47Z,10.0.0.242,64589,10.0.0.191,53,UDP,4969,204,drop,1.09,Abnormal packet size
2025-05-01T22:36:47Z,10.0.0.88,57032,10.0.0.158,443,UDP,6196,118,drop,2.31,Unusual traffic detected
2025-05-06T02:53:47Z,10.0.0.101,33340,10.0.0.248,8080,UDP,3791,48,drop,1.38,Unusual traffic detected
2025-05-05T13:11:47Z,10.0.0.229,62700,10.0.0.143,8080,UDP,7692,120,drop,1.43,Suspicious protocol usage
2025-04-30T18:47:47Z,10.0.0.211,20141,10.0.0.253,53,UDP,4437,272,drop,1.0,Possible port scan
2025-04-30T08:08:47Z,10.0.0.155,12627,10.0.0.116,53,TCP,3888,54,accept,0.41,Routine connection
2025-05-03T15:47:47Z,10.0.0.104,38155,10.0.0.130,53,UDP,1290,88,drop,1.69,Suspicious protocol usage
2025-05-04T06:11:47Z,10.0.0.31,45003,10.0.0.150,53,UDP,9989,269,drop,2.48,Abnormal packet size
2025-05-05T12:44:47Z,10.0.0.5,11228,10.0.0.122,53,TCP,1410,223,accept,0.39,Normal traffic
2025-04-30T07:58:47Z,10.0.0.11,50041,10.0.0.181,53,UDP,6380,164,accept,0.29,Secure communication
2025-05-01T12:48:47Z,10.0.0.143,27761,10.0.0.128,21,UDP,5141,234,drop,1.11,Possible port scan
2025-05-07T02:12:47Z,10.0.0.17,62767,10.0.0.42,80,UDP,9890,258,drop,1.25,Abnormal packet size
2025-05-04T21:34:47Z,10.0.0.140,19788,10.0.0.130,53,UDP,8213,113,drop,0.95,Abnormal packet size
2025-05-03T06:50:47Z,10.0.0.240,52908,10.0.0.183,53,UDP,376,270,accept,0.62,Routine connection
2025-04-30T16:21:47Z,10.0.0.236,40106,10.0.0.58,22,UDP,8250,11,drop,1.59,Possible port scan
2025-05-03T04:41:47Z,10.0.0.186,47228,10.0.0.85,8080,TCP,1559,244,accept,0.33,Secure communication
2025-05-06T06:48:47Z,10.0.0.7,14275,10.0.0.4,53,UDP,4101,86,drop,1.96,Abnormal packet size
2025-05-02T23:39:47Z,10.0.0.115,36684,10.0.0.90,21,TCP,1944,256,drop,0.84,Unusual traffic detected
2025-05-02T17:32:47Z,10.0.0.67,52486,10.0.0.93,443,TCP,6693,248,drop,2.18,Suspicious protocol usage
2025-05-04T11:50:47Z,10.0.0.231,11708,10.0.0.93,8080,UDP,8210,87,drop,2.4,Abnormal packet size
2025-05-02T07:40:47Z,10.0.0.67,61502,10.0.0.75,22,UDP,7420,56,accept,0.73,Secure communication
2025-04-30T15:20:47Z,10.0.0.245,33497,10.0.0.212,22,TCP,1899,139,drop,0.98,Unusual traffic detected
2025-05-01T07:40:47Z,10.0.0.29,25643,10.0.0.13,53,TCP,1900,152,drop,2.05,Unusual traffic detected
2025-05-06T05:59:47Z,10.0.0.7,23619,10.0.0.212,22,UDP,9552,27,drop,1.45,Suspicious protocol usage
2025-05-02T23:43:47Z,10.0.0.197,57579,10.0.0.147,21,TCP,5268,230,drop,2.46,Abnormal packet size
2025-05-04T01:22:47Z,10.0.0.249,19456,10.0.0.78,8080,TCP,4468,213,drop,2.44,Unusual traffic detected
2025-05-02T01:10:47Z,10.0.0.250,40846,10.0.0.171,22,UDP,5511,291,drop,1.34,Suspicious protocol usage
2025-04-30T12:27:47Z,10.0.0.23,21795,10.0.0.22,53,UDP,3157,274,drop,2.14,Possible port scan
2025-05-01T20:13:47Z,10.0.0.138,17378,10.0.0.102,80,TCP,6895,260,accept,0.44,Secure communication
2025-05-01T12:26:47Z,10.0.0.151,60630,10.0.0.3,443,TCP,7392,224,drop,0.82,Abnormal packet size
2025-05-06T23:24:47Z,10.0.0.119,42114,10.0.0.177,443,TCP,6414,75,drop,1.34,Possible port scan
2025-05-03T19:38:47Z,10.0.0.163,31175,10.0.0.167,80,UDP,7420,153,drop,1.28,Suspicious protocol usage
2025-05-02T10:05:47Z,10.0.0.141,29690,10.0.0.220,53,UDP,4381,224,accept,0.26,Routine connection
2025-05-04T23:24:47Z,10.0.0.235,35204,10.0.0.231,8080,UDP,9833,213,drop,0.88,Unusual traffic detected
2025-05-01T21:38:47Z,10.0.0.153,42826,10.0.0.211,443,UDP,7383,264,drop,1.25,Abnormal packet size
2025-05-02T19:40:47Z,10.0.0.252,25438,10.0.0.1,80,UDP,9033,298,drop,1.59,Possible port scan
2025-05-06T02:48:47Z,10.0.0.11,58229,10.0.0.236,8080,TCP,7356,92,drop,1.13,Unusual traffic detected
2025-05-04T03:09:47Z,10.0.0.252,60355,10.0.0.150,21,UDP,6783,167,drop,1.38,Suspicious protocol usage
2025-05-05T15:32:47Z,10.0.0.201,36428,10.0.0.6,22,UDP,8883,38,drop,1.73,Suspicious protocol usage
2025-05-06T15:05:47Z,10.0.0.42,11095,10.0.0.246,21,TCP,3630,96,drop,1.1,Possible port scan
2025-05-04T09:06:47Z,10.0.0.79,6393,10.0.0.92,53,TCP,8836,176,drop,1.9,Unusual traffic detected
2025-05-03T22:32:47Z,10.0.0.237,12709,10.0.0.124,22,TCP,5600,177,accept,0.33,Routine connection
2025-05-06T08:19:47Z,10.0.0.195,14151,10.0.0.120,443,TCP,2452,249,accept,0.08,Routine connection
2025-05-01T20:58:47Z,10.0.0.45,4081,10.0.0.211,80,UDP,9956,274,drop,1.03,Abnormal packet size
2025-04-30T07:46:47Z,10.0.0.228,22003,10.0.0.161,22,TCP,3974,224,drop,2.37,Suspicious protocol usage
2025-05-04T11:26:47Z,10.0.0.19,19123,10.0.0.168,22,TCP,5934,63,accept,0.62,Routine connection
2025-05-01T11:09:47Z,10.0.0.217,56813,10.0.0.49,22,TCP,3013,143,accept,0.27,Normal traffic
2025-05-06T13:20:47Z,10.0.0.157,52707,10.0.0.61,22,UDP,7661,156,drop,1.78,Unusual traffic detected
2025-05-06T14:36:47Z,10.0.0.47,36034,10.0.0.70,22,UDP,3496,139,drop,1.56,Abnormal packet size
2025-05-06T09:16:47Z,10.0.0.6,48208,10.0.0.160,8080,TCP,6742,179,accept,0.33,Normal traffic
2025-05-02T05:09:47Z,10.0.0.49,33544,10.0.0.94,443,TCP,3849,24,accept,0.7,Secure communication
2025-05-04T19:22:47Z,10.0.0.120,19147,10.0.0.154,53,TCP,9354,24,accept,0.5,Routine connection
2025-05-01T19:18:47Z,10.0.0.175,17104,10.0.0.27,53,TCP,876,102,drop,1.9,Suspicious protocol usage
2025-05-02T04:57:47Z,10.0.0.140,32975,10.0.0.6,22,UDP,1053,218,accept,0.49,Normal traffic
2025-05-03T12:53:47Z,10.0.0.233,7095,10.0.0.238,443,TCP,5229,29,accept,0.11,Routine connection
2025-05-05T06:29:47Z,10.0.0.138,16445,10.0.0.222,53,TCP,8393,98,drop,1.73,Unusual traffic detected
2025-05-02T01:02:47Z,10.0.0.32,55851,10.0.0.127,8080,TCP,5060,23,drop,1.93,Abnormal packet size
2025-05-03T15:46:47Z,10.0.0.117,65510,10.0.0.35,443,TCP,1345,169,accept,0.21,Secure communication
2025-04-30T20:18:47Z,10.0.0.99,33430,10.0.0.9,53,UDP,4683,141,drop,1.26,Abnormal packet size
2025-05-05T13:51:47Z,10.0.0.243,49993,10.0.0.242,8080,TCP,7028,128,accept,0.14,Secure communication
2025-05-06T11:28:47Z,10.0.0.77,49009,10.0.0.121,8080,TCP,6701,103,drop,1.51,Suspicious protocol usage
2025-04-30T13:27:47Z,10.0.0.127,3238,10.0.0.101,22,UDP,7041,183,drop,1.1,Unusual traffic detected
2025-05-02T05:08:47Z,10.0.0.140,26622,10.0.0.10,443,UDP,6122,23,drop,2.0,Suspicious protocol usage
2025-04-30T11:46:47Z,10.0.0.238,40495,10.0.0.198,22,UDP,1926,97,accept,0.28,Normal traffic
2025-05-01T19:58:47Z,10.0.0.227,23841,10.0.0.9,21,UDP,8584,119,accept,0.58,Normal traffic
2025-05-01T06:03:47Z,10.0.0.131,41011,10.0.0.244,21,TCP,5649,249,drop,2.22,Abnormal packet size
2025-05-06T00:01:47Z,10.0.0.249,13937,10.0.0.243,21,UDP,7806,49,drop,2.1,Abnormal packet size
2025-04-30T23:26:47Z,10.0.0.138,61505,10.0.0.244,21,UDP,8417,59,accept,0.7,Secure communication
2025-05-06T01:00:47Z,10.0.0.30,30136,10.0.0.138,80,TCP,8662,140,accept,0.07,Routine connection
2025-05-05T09:37:47Z,10.0.0.231,54314,10.0.0.147,80,TCP,2871,92,accept,0.22,Secure communication
2025-05-02T14:39:47Z,10.0.0.104,45475,10.0.0.24,8080,UDP,7439,108,accept,0.31,Routine connection
2025-05-05T06:04:47Z,10.0.0.111,31256,10.0.0.4,22,UDP,7607,116,accept,0.43,Routine connection
2025-05-05T15:11:47Z,10.0.0.180,7072,10.0.0.110,8080,TCP,278,209,accept,0.45,Secure communication
2025-05-01T18:43:47Z,10.0.0.179,16079,10.0.0.245,80,UDP,7408,46,drop,1.47,Possible port scan
2025-05-03T08:22:47Z,10.0.0.186,64183,10.0.0.112,53,TCP,3478,127,accept,0.23,Normal traffic
2025-05-06T20:13:47Z,10.0.0.240,28117,10.0.0.21,443,TCP,4863,27,drop,2.3,Abnormal packet size
2025-05-04T08:34:47Z,10.0.0.19,18264,10.0.0.77,21,TCP,5143,168,accept,0.5,Secure communication
2025-05-03T22:25:47Z,10.0.0.199,47794,10.0.0.110,21,TCP,7068,77,accept,0.33,Secure communication
2025-05-03T01:46:47Z,10.0.0.143,5886,10.0.0.71,80,UDP,7152,58,drop,1.6,Suspicious protocol usage
2025-05-02T09:25:47Z,10.0.0.59,14733,10.0.0.252,22,TCP,2217,281,drop,1.27,Suspicious protocol usage
2025-05-04T10:40:47Z,10.0.0.92,40281,10.0.0.187,53,UDP,7589,79,accept,0.4,Normal traffic
2025-05-02T01:21:47Z,10.0.0.160,65252,10.0.0.77,53,TCP,6622,279,drop,2.4,Possible port scan
2025-05-03T16:07:47Z,10.0.0.211,35045,10.0.0.131,22,TCP,9638,117,drop,2.46,Unusual traffic detected
2025-05-01T23:50:47Z,10.0.0.236,16909,10.0.0.129,80,UDP,5151,68,drop,1.0,Possible port scan
2025-05-05T13:43:47Z,10.0.0.128,38358,10.0.0.201,22,UDP,6286,101,drop,2.17,Abnormal packet size
2025-05-06T14:47:47Z,10.0.0.237,30614,10.0.0.88,80,TCP,8194,253,drop,1.69,Possible port scan
2025-05-04T21:33:47Z,10.0.0.110,64980,10.0.0.37,53,UDP,8501,101,drop,1.14,Unusual traffic detected
2025-05-03T09:44:47Z,10.0.0.33,26086,10.0.0.49,22,UDP,587,14,drop,1.52,Possible port scan
2025-05-06T05:06:47Z,10.0.0.175,58922,10.0.0.191,8080,TCP,9725,124,accept,0.76,Secure communication
2025-04-30T22:10:47Z,10.0.0.25,27766,10.0.0.117,53,TCP,4118,164,drop,1.0,Abnormal packet size
2025-05-01T17:14:47Z,10.0.0.118,10643,10.0.0.177,53,UDP,5409,160,drop,1.62,Suspicious protocol usage
2025-05-03T06:01:47Z,10.0.0.60,51713,10.0.0.90,53,TCP,668,191,drop,2.0,Abnormal packet size
2025-05-05T04:05:47Z,10.0.0.55,39883,10.0.0.134,443,UDP,6013,76,drop,1.3,Abnormal packet size
2025-04-30T23:56:47Z,10.0.0.216,8283,10.0.0.133,80,TCP,5667,101,accept,0.26,Normal traffic
2025-05-01T04:07:47Z,10.0.0.16,47941,10.0.0.186,21,TCP,693,90,drop,1.4,Abnormal packet size
2025-05-02T08:27:47Z,10.0.0.184,33875,10.0.0.9,80,UDP,2269,263,accept,0.36,Normal traffic
2025-05-04T21:31:47Z,10.0.0.74,20041,10.0.0.16,8080,TCP,6874,52,accept,0.7,Routine connection
2025-05-04T14:03:47Z,10.0.0.41,41620,10.0.0.224,443,UDP,8853,143,accept,0.42,Secure communication
2025-05-03T08:25:47Z,10.0.0.211,54794,10.0.0.10,22,TCP,7446,268,drop,1.69,Abnormal packet size
2025-05-06T11:54:47Z,10.0.0.175,40467,10.0.0.197,53,UDP,7377,298,drop,2.2,Abnormal packet size
2025-05-03T23:48:47Z,10.0.0.22,46803,10.0.0.232,80,UDP,7013,214,drop,1.86,Possible port scan
2025-05-03T08:20:47Z,10.0.0.45,5300,10.0.0.42,443,TCP,1844,61,drop,2.19,Possible port scan
2025-05-04T12:54:47Z,10.0.0.119,1211,10.0.0.80,21,UDP,5011,109,drop,1.79,Abnormal packet size
2025-05-01T09:54:47Z,10.0.0.207,25532,10.0.0.193,443,TCP,4271,294,drop,1.82,Unusual traffic detected
2025-05-06T02:05:47Z,10.0.0.124,22766,10.0.0.25,22,UDP,1658,127,drop,1.93,Unusual traffic detected
2025-05-04T11:46:47Z,10.0.0.38,48020,10.0.0.174,443,TCP,2552,10,drop,2.25,Possible port scan
2025-05-06T00:51:47Z,10.0.0.31,64940,10.0.0.104,80,TCP,6003,236,accept,0.37,Secure communication
2025-05-03T16:29:47Z,10.0.0.69,33369,10.0.0.24,21,UDP,1495,30,drop,1.29,Suspicious protocol usage
2025-05-05T01:58:47Z,10.0.0.152,1504,10.0.0.230,22,UDP,1148,161,drop,1.37,Possible port scan
2025-05-01T21:53:47Z,10.0.0.200,17898,10.0.0.208,8080,TCP,5497,123,drop,1.66,Suspicious protocol usage
2025-05-01T10:03:47Z,10.0.0.90,26107,10.0.0.100,22,TCP,8923,105,accept,0.77,Routine connection
2025-04-30T20:47:47Z,10.0.0.212,44736,10.0.0.1,443,TCP,2198,104,drop,1.58,Abnormal packet size
2025-05-05T09:06:47Z,10.0.0.182,52765,10.0.0.15,8080,UDP,7296,180,drop,1.25,Possible port scan
2025-04-30T10:10:47Z,10.0.0.111,6538,10.0.0.120,21,TCP,7680,104,drop,2.17,Abnormal packet size
2025-05-02T00:49:47Z,10.0.0.221,10874,10.0.0.46,80,TCP,2166,51,accept,0.11,Routine connection
2025-05-01T06:21:47Z,10.0.0.117,28978,10.0.0.9,443,UDP,6692,166,drop,1.79,Unusual traffic detected
2025-05-05T11:28:47Z,10.0.0.187,5961,10.0.0.231,53,UDP,7678,163,drop,1.38,Unusual traffic detected
2025-05-02T17:20:47Z,10.0.0.238,34678,10.0.0.162,8080,UDP,9979,147,accept,0.49,Secure communication
2025-05-01T00:53:47Z,10.0.0.4,4340,10.0.0.167,8080,UDP,6403,193,drop,1.58,Possible port scan
2025-05-02T11:02:47Z,10.0.0.168,64136,10.0.0.249,22,UDP,8178,147,drop,1.91,Suspicious protocol usage
2025-05-03T15:38:47Z,10.0.0.109,58507,10.0.0.87,21,TCP,8443,256,drop,1.27,Unusual traffic detected
2025-05-06T20:40:47Z,10.0.0.183,44274,10.0.0.173,53,TCP,8185,234,drop,2.13,Possible port scan
2025-05-04T11:39:47Z,10.0.0.254,62908,10.0.0.74,22,TCP,3038,174,drop,1.83,Suspicious protocol usage
2025-05-05T22:19:47Z,10.0.0.43,49307,10.0.0.195,80,UDP,6056,98,drop,2.35,Unusual traffic detected
2025-05-05T22:28:47Z,10.0.0.217,14581,10.0.0.69,8080,TCP,4219,124,drop,1.19,Unusual traffic detected
2025-05-01T00:19:47Z,10.0.0.181,5968,10.0.0.94,80,UDP,1394,289,accept,0.51,Secure communication
2025-05-05T05:40:47Z,10.0.0.128,52710,10.0.0.221,8080,UDP,8806,123,accept,0.44,Routine connection
2025-05-05T09:58:47Z,10.0.0.131,40368,10.0.0.133,8080,TCP,2432,43,accept,0.67,Routine connection
2025-05-02T19:15:47Z,10.0.0.187,2677,10.0.0.192,80,TCP,2096,129,drop,1.27,Unusual traffic detected
2025-05-05T06:45:47Z,10.0.0.12,28796,10.0.0.78,8080,UDP,398,195,accept,0.63,Routine connection
2025-04-30T22:56:47Z,10.0.0.189,5576,10.0.0.89,21,TCP,3413,55,drop,2.33,Suspicious protocol usage
2025-05-05T02:44:47Z,10.0.0.1,57180,10.0.0.34,443,UDP,3459,299,drop,2.19,Suspicious protocol usage
2025-05-07T02:47:47Z,10.0.0.69,36022,10.0.0.71,443,UDP,3214,300,drop,2.36,Unusual traffic detected
2025-05-01T05:53:47Z,10.0.0.224,19236,10.0.0.146,53,TCP,852,180,accept,0.3,Routine connection
2025-05-04T11:49:47Z,10.0.0.10,38510,10.0.0.245,22,UDP,3629,290,drop,2.4,Unusual traffic detected
2025-05-03T00:51:47Z,10.0.0.137,31396,10.0.0.39,22,TCP,1113,184,drop,0.98,Possible port scan
2025-05-06T14:17:47Z,10.0.0.134,54597,10.0.0.68,53,TCP,6486,278,accept,0.13,Secure communication
2025-05-01T19:12:47Z,10.0.0.248,62632,10.0.0.151,21,TCP,9074,33,drop,2.04,Possible port scan
2025-05-04T23:59:47Z,10.0.0.8,23644,10.0.0.154,8080,TCP,3714,21,accept,0.62,Normal traffic
2025-05-05T19:25:47Z,10.0.0.70,1956,10.0.0.67,80,UDP,3672,182,drop,0.91,Suspicious protocol usage
2025-05-01T18:01:47Z,10.0.0.83,64267,10.0.0.174,80,TCP,7876,166,drop,1.22,Suspicious protocol usage
2025-05-03T12:32:47Z,10.0.0.219,8946,10.0.0.9,21,UDP,7527,204,drop,2.16,Possible port scan
2025-05-06T19:41:47Z,10.0.0.75,60984,10.0.0.159,80,UDP,5360,235,drop,2.43,Possible port scan
2025-05-02T10:50:47Z,10.0.0.162,51706,10.0.0.253,22,TCP,9626,143,drop,1.23,Abnormal packet size
2025-05-03T00:49:47Z,10.0.0.28,29616,10.0.0.154,21,UDP,5613,280,drop,1.84,Abnormal packet size
2025-05-03T00:04:47Z,10.0.0.234,54939,10.0.0.159,8080,TCP,5316,200,drop,1.6,Abnormal packet size
2025-05-06T21:45:47Z,10.0.0.17,12385,10.0.0.158,80,TCP,5397,89,drop,1.26,Suspicious protocol usage
2025-05-06T04:25:47Z,10.0.0.141,1274,10.0.0.182,443,TCP,6997,262,drop,0.83,Unusual traffic detected
2025-04-30T18:29:47Z,10.0.0.140,25518,10.0.0.37,53,UDP,4208,217,accept,0.18,Normal traffic
2025-05-04T19:25:47Z,10.0.0.171,42104,10.0.0.149,80,UDP,6742,198,accept,0.63,Secure communication
2025-05-07T02:49:47Z,10.0.0.132,7673,10.0.0.130,22,TCP,1938,204,drop,1.11,Possible port scan
2025-04-30T23:43:47Z,10.0.0.84,11863,10.0.0.22,8080,TCP,7922,83,drop,0.93,Suspicious protocol usage
2025-05-04T16:23:47Z,10.0.0.66,35361,10.0.0.76,443,UDP,5292,208,drop,1.47,Abnormal packet size
2025-05-05T06:21:47Z,10.0.0.212,7441,10.0.0.177,443,TCP,3212,13,accept,0.35,Routine connection
2025-05-04T15:03:47Z,10.0.0.228,26006,10.0.0.87,8080,TCP,4005,123,drop,1.92,Unusual traffic detected
2025-05-05T07:51:47Z,10.0.0.64,61313,10.0.0.101,22,UDP,1726,60,accept,0.68,Routine connection
2025-05-01T20:05:47Z,10.0.0.85,54906,10.0.0.186,22,TCP,9909,184,drop,0.87,Abnormal packet size
2025-05-07T02:09:47Z,10.0.0.150,1836,10.0.0.239,8080,UDP,2821,245,drop,1.83,Abnormal packet size
2025-05-02T09:16:47Z,10.0.0.53,13853,10.0.0.148,21,TCP,1169,215,drop,1.44,Unusual traffic detected
2025-05-02T21:29:47Z,10.0.0.73,14439,10.0.0.142,21,UDP,9630,290,drop,1.55,Suspicious protocol usage
2025-05-05T23:46:47Z,10.0.0.233,49565,10.0.0.71,443,TCP,6002,230,drop,1.7,Suspicious protocol usage
2025-05-01T20:33:47Z,10.0.0.171,6811,10.0.0.161,443,TCP,7710,268,drop,2.32,Possible port scan
2025-05-03T10:56:47Z,10.0.0.139,8013,10.0.0.203,8080,UDP,2525,169,accept,0.22,Normal traffic
2025-05-04T12:07:47Z,10.0.0.240,32067,10.0.0.241,53,UDP,8237,45,drop,1.79,Unusual traffic detected
2025-05-01T12:16:47Z,10.0.0.246,33099,10.0.0.206,8080,TCP,7470,86,accept,0.43,Routine connection
2025-05-05T07:06:47Z,10.0.0.154,22760,10.0.0.207,21,TCP,4440,45,accept,0.47,Normal traffic
2025-05-05T11:16:47Z,10.0.0.227,50757,10.0.0.103,8080,UDP,8834,116,drop,2.43,Abnormal packet size
2025-05-02T00:43:47Z,10.0.0.187,55320,10.0.0.72,8080,UDP,6589,56,drop,0.88,Unusual traffic detected
2025-04-30T15:58:47Z,10.0.0.242,39162,10.0.0.219,80,TCP,4064,242,drop,1.73,Possible port scan
2025-05-06T16:08:47Z,10.0.0.2,49825,10.0.0.19,80,UDP,4901,198,drop,2.47,Suspicious protocol usage
2025-04-30T20:57:47Z,10.0.0.175,52801,10.0.0.211,8080,UDP,2540,156,drop,0.84,Suspicious protocol usage
2025-05-05T10:47:47Z,10.0.0.65,3676,10.0.0.96,443,UDP,3189,144,drop,2.32,Abnormal packet size
2025-05-06T08:55:47Z,10.0.0.180,56694,10.0.0.26,443,TCP,538,55,drop,0.99,Suspicious protocol usage
2025-04-30T18:00:47Z,10.0.0.159,9823,10.0.0.44,443,UDP,6817,140,accept,0.11,Routine connection
2025-05-01T23:42:47Z,10.0.0.75,27064,10.0.0.234,53,UDP,6202,149,drop,1.56,Abnormal packet size
2025-05-04T03:24:47Z,10.0.0.199,22898,10.0.0.40,8080,UDP,5410,270,drop,1.06,Suspicious protocol usage
2025-05-06T08:21:47Z,10.0.0.112,3167,10.0.0.161,21,TCP,9517,196,accept,0.32,Secure communication
2025-05-06T01:33:47Z,10.0.0.246,51008,10.0.0.192,80,UDP,6040,204,accept,0.14,Routine connection
2025-05-02T09:17:47Z,10.0.0.141,32367,10.0.0.223,8080,TCP,5283,118,drop,1.18,Possible port scan
2025-05-03T12:24:47Z,10.0.0.178,63623,10.0.0.20,443,TCP,7877,193,drop,0.94,Possible port scan
2025-05-05T00:59:47Z,10.0.0.149,3407,10.0.0.203,443,TCP,5053,85,accept,0.06,Normal traffic
2025-05-04T07:10:47Z,10.0.0.53,3220,10.0.0.226,80,TCP,8112,48,drop,1.93,Unusual traffic detected
2025-05-05T16:13:47Z,10.0.0.43,27559,10.0.0.117,8080,UDP,6966,117,drop,2.36,Abnormal packet size
2025-05-05T01:48:47Z,10.0.0.4,26400,10.0.0.3,53,TCP,9482,226,accept,0.76,Routine connection
2025-05-05T09:16:47Z,10.0.0.71,23838,10.0.0.108,80,TCP,7722,137,drop,1.17,Suspicious protocol usage
2025-05-03T09:32:47Z,10.0.0.230,9511,10.0.0.58,443,UDP,4706,166,drop,1.29,Unusual traffic detected
2025-05-06T08:06:47Z,10.0.0.185,25289,10.0.0.9,22,TCP,3314,284,drop,1.77,Abnormal packet size
2025-05-04T16:57:47Z,10.0.0.254,46896,10.0.0.104,22,TCP,6034,129,drop,1.1,Unusual traffic detected
2025-05-05T07:14:47Z,10.0.0.116,39878,10.0.0.25,22,TCP,3932,123,drop,1.04,Possible port scan
2025-05-04T14:04:47Z,10.0.0.112,18557,10.0.0.222,443,UDP,2929,129,drop,1.26,Unusual traffic detected
2025-05-05T15:44:47Z,10.0.0.178,61902,10.0.0.55,8080,UDP,5354,262,accept,0.47,Secure communication
2025-05-01T21:51:47Z,10.0.0.220,29381,10.0.0.106,8080,TCP,5166,256,drop,1.74,Suspicious protocol usage
2025-05-06T04:13:47Z,10.0.0.168,56808,10.0.0.1,53,UDP,1914,47,drop,2.17,Suspicious protocol usage
2025-05-05T06:19:47Z,10.0.0.100,26548,10.0.0.183,443,UDP,333,276,accept,0.02,Secure communication
2025-05-05T05:37:47Z,10.0.0.72,26336,10.0.0.121,8080,TCP,8458,169,accept,0.68,Secure communication
2025-04-30T17:55:47Z,10.0.0.221,12450,10.0.0.86,22,TCP,3365,162,drop,1.09,Possible port scan
2025-05-03T01:17:47Z,10.0.0.70,31126,10.0.0.191,21,TCP,8154,37,accept,0.07,Routine connection
2025-05-06T12:20:47Z,10.0.0.21,30672,10.0.0.126,21,TCP,5022,10,drop,1.7,Possible port scan
2025-05-06T10:04:47Z,10.0.0.15,22326,10.0.0.148,80,UDP,1433,89,drop,1.02,Abnormal packet size
2025-05-01T06:01:47Z,10.0.0.112,9854,10.0.0.174,80,UDP,1132,197,accept,0.42,Normal traffic
2025-05-04T10:12:47Z,10.0.0.160,3806,10.0.0.43,443,TCP,3034,79,drop,0.8,Unusual traffic detected
2025-05-04T06:47:47Z,10.0.0.22,65092,10.0.0.63,80,UDP,3101,83,accept,0.22,Normal traffic
2025-05-04T05:43:47Z,10.0.0.102,27610,10.0.0.208,22,TCP,3905,203,drop,2.34,Possible port scan
2025-05-02T22:15:47Z,10.0.0.233,21178,10.0.0.14,80,TCP,5111,120,accept,0.44,Normal traffic
2025-05-04T13:53:47Z,10.0.0.76,57204,10.0.0.87,443,TCP,6402,91,drop,1.11,Possible port scan
2025-05-06T17:13:47Z,10.0.0.96,45215,10.0.0.148,22,TCP,8310,100,drop,1.85,Abnormal packet size
2025-05-04T04:11:47Z,10.0.0.1,2319,10.0.0.150,8080,UDP,1778,179,drop,1.65,Unusual traffic detected
2025-05-05T17:22:47Z,10.0.0.25,36491,10.0.0.66,80,TCP,2905,210,drop,1.03,Suspicious protocol usage
2025-05-06T02:24:47Z,10.0.0.115,16854,10.0.0.125,21,TCP,4853,184,drop,0.95,Unusual traffic detected
2025-05-03T12:15:47Z,10.0.0.186,39426,10.0.0.254,8080,TCP,9965,141,drop,1.68,Abnormal packet size
2025-05-06T17:20:47Z,10.0.0.31,56323,10.0.0.8,53,TCP,8618,139,accept,0.45,Secure communication
2025-04-30T11:54:47Z,10.0.0.179,46472,10.0.0.145,53,UDP,7254,15,drop,2.34,Unusual traffic detected
2025-05-01T01:26:47Z,10.0.0.71,40134,10.0.0.39,443,TCP,4602,141,drop,2.05,Possible port scan
2025-05-01T05:05:47Z,10.0.0.31,47845,10.0.0.196,22,UDP,8176,36,drop,1.73,Possible port scan
2025-05-02T10:37:47Z,10.0.0.166,60663,10.0.0.42,443,UDP,6224,220,accept,0.4,Normal traffic
2025-05-01T02:54:47Z,10.0.0.231,2688,10.0.0.66,21,UDP,4051,228,accept,0.48,Routine connection
2025-05-02T04:46:47Z,10.0.0.87,1584,10.0.0.161,443,TCP,5533,72,accept,0.02,Routine connection
2025-05-01T04:46:47Z,10.0.0.63,10657,10.0.0.149,53,TCP,8583,208,accept,0.39,Routine connection
2025-05-03T14:22:47Z,10.0.0.247,25775,10.0.0.193,80,TCP,7052,153,drop,1.29,Possible port scan
2025-05-04T08:40:47Z,10.0.0.172,52797,10.0.0.229,443,UDP,2420,287,drop,0.94,Unusual traffic detected
2025-04-30T10:53:47Z,10.0.0.223,16513,10.0.0.136,21,UDP,4940,144,drop,1.96,Possible port scan
2025-05-02T09:00:47Z,10.0.0.239,29187,10.0.0.20,8080,UDP,2723,216,drop,2.14,Abnormal packet size
2025-05-01T17:51:47Z,10.0.0.236,2328,10.0.0.136,22,UDP,6381,136,drop,1.8,Unusual traffic detected
2025-05-04T09:40:47Z,10.0.0.46,15989,10.0.0.225,80,UDP,9002,155,drop,2.26,Abnormal packet size
2025-04-30T11:48:47Z,10.0.0.108,36622,10.0.0.132,80,UDP,7982,79,drop,1.96,Unusual traffic detected
2025-05-01T01:27:47Z,10.0.0.136,54799,10.0.0.50,53,TCP,385,68,drop,2.21,Possible port scan
2025-05-03T00:32:47Z,10.0.0.127,33821,10.0.0.87,21,TCP,7883,246,drop,1.44,Unusual traffic detected
2025-05-06T00:56:47Z,10.0.0.31,17185,10.0.0.103,8080,UDP,3394,15,drop,2.29,Suspicious protocol usage
2025-05-04T10:56:47Z,10.0.0.212,12127,10.0.0.103,22,UDP,8570,15,drop,0.92,Unusual traffic detected
2025-05-05T19:38:47Z,10.0.0.4,31808,10.0.0.142,21,UDP,1270,228,accept,0.66,Secure communication
2025-05-03T16:49:47Z,10.0.0.103,31140,10.0.0.59,53,UDP,1663,27,drop,1.59,Unusual traffic detected
2025-05-03T09:25:47Z,10.0.0.222,58319,10.0.0.7,80,TCP,2970,191,drop,1.44,Abnormal packet size
2025-05-02T17:17:47Z,10.0.0.169,24202,10.0.0.69,22,UDP,7995,238,drop,1.97,Unusual traffic detected
2025-05-01T02:42:47Z,10.0.0.174,65003,10.0.0.229,21,TCP,5366,139,drop,1.23,Possible port scan
2025-05-05T14:30:47Z,10.0.0.3,18185,10.0.0.84,22,UDP,5391,141,accept,0.39,Secure communication
2025-05-02T19:19:47Z,10.0.0.196,1220,10.0.0.125,80,UDP,3087,67,drop,1.14,Possible port scan
2025-05-02T00:39:47Z,10.0.0.193,28539,10.0.0.199,22,UDP,5848,65,accept,0.4,Routine connection
2025-05-03T20:37:47Z,10.0.0.217,21259,10.0.0.21,22,TCP,4146,56,accept,0.31,Routine connection
2025-05-04T09:11:47Z,10.0.0.188,24157,10.0.0.1,443,UDP,4783,144,drop,2.14,Unusual traffic detected
2025-05-06T05:03:47Z,10.0.0.187,32920,10.0.0.18,80,UDP,8982,224,drop,1.88,Abnormal packet size
2025-05-04T06:01:47Z,10.0.0.135,26648,10.0.0.77,21,TCP,6132,158,drop,1.56,Abnormal packet size
2025-05-06T05:44:47Z,10.0.0.194,59359,10.0.0.227,53,UDP,8084,17,accept,0.47,Secure communication
2025-05-01T08:18:47Z,10.0.0.34,6479,10.0.0.101,80,TCP,1440,60,accept,0.28,Normal traffic
2025-05-06T11:13:47Z,10.0.0.93,16060,10.0.0.47,21,UDP,7257,44,drop,1.55,Unusual traffic detected
2025-05-04T00:47:47Z,10.0.0.15,25521,10.0.0.25,443,TCP,7422,158,accept,0.78,Normal traffic
2025-05-01T08:49:47Z,10.0.0.109,33239,10.0.0.250,22,UDP,7329,261,drop,2.46,Unusual traffic detected
2025-05-06T12:01:47Z,10.0.0.145,1640,10.0.0.20,22,UDP,7424,53,drop,2.48,Suspicious protocol usage
2025-05-03T23:19:47Z,10.0.0.119,13353,10.0.0.135,80,TCP,5536,249,drop,0.97,Suspicious protocol usage
2025-05-01T01:41:47Z,10.0.0.155,41526,10.0.0.120,21,UDP,6298,17,drop,1.39,Abnormal packet size
2025-05-03T06:17:47Z,10.0.0.18,60323,10.0.0.183,53,UDP,6086,263,accept,0.57,Routine connection
2025-05-01T10:31:47Z,10.0.0.134,54272,10.0.0.159,443,UDP,2333,230,accept,0.44,Normal traffic
2025-05-02T10:58:47Z,10.0.0.246,9909,10.0.0.131,8080,TCP,5009,220,drop,1.45,Unusual traffic detected
2025-05-03T02:15:47Z,10.0.0.31,44721,10.0.0.95,22,TCP,2984,119,drop,1.77,Suspicious protocol usage
2025-05-05T21:00:47Z,10.0.0.24,37033,10.0.0.179,8080,UDP,3892,170,drop,1.73,Abnormal packet size
2025-05-04T19:37:47Z,10.0.0.125,41847,10.0.0.85,80,TCP,2175,54,drop,1.29,Unusual traffic detected
2025-04-30T08:17:47Z,10.0.0.142,51248,10.0.0.87,8080,UDP,5100,171,accept,0.35,Normal traffic
2025-05-01T17:51:47Z,10.0.0.228,23162,10.0.0.149,22,UDP,3544,136,accept,0.56,Routine connection
2025-05-02T10:03:47Z,10.0.0.44,10554,10.0.0.16,8080,TCP,1531,106,drop,1.06,Abnormal packet size
2025-05-01T05:42:47Z,10.0.0.132,27766,10.0.0.113,53,UDP,9964,280,drop,1.65,Possible port scan
2025-05-03T08:02:47Z,10.0.0.11,15841,10.0.0.197,443,TCP,4402,84,drop,1.48,Abnormal packet size
2025-05-03T06:07:47Z,10.0.0.163,63030,10.0.0.112,443,TCP,4929,157,drop,1.56,Abnormal packet size
2025-05-04T15:42:47Z,10.0.0.211,57143,10.0.0.101,22,TCP,6967,86,accept,0.76,Secure communication
2025-05-01T10:59:47Z,10.0.0.102,37289,10.0.0.90,8080,UDP,1062,289,drop,1.67,Suspicious protocol usage
2025-05-06T23:53:47Z,10.0.0.51,40568,10.0.0.129,443,UDP,2025,117,drop,1.6,Abnormal packet size
2025-05-01T13:28:47Z,10.0.0.159,15562,10.0.0.166,21,UDP,9426,179,drop,0.81,Possible port scan
2025-05-01T10:39:47Z,10.0.0.235,30841,10.0.0.141,8080,UDP,6879,23,accept,0.5,Normal traffic
2025-05-02T21:49:47Z,10.0.0.238,17652,10.0.0.165,22,TCP,6727,94,drop,1.71,Suspicious protocol usage
2025-05-02T08:55:47Z,10.0.0.173,18527,10.0.0.23,21,UDP,3060,248,accept,0.45,Normal traffic
2025-05-02T02:46:47Z,10.0.0.116,54649,10.0.0.205,443,UDP,7852,198,drop,1.74,Abnormal packet size
2025-05-06T10:03:47Z,10.0.0.68,36602,10.0.0.76,21,UDP,9122,40,accept,0.62,Normal traffic
2025-04-30T22:56:47Z,10.0.0.2,51739,10.0.0.216,80,TCP,7170,78,drop,2.31,Suspicious protocol usage
2025-05-02T02:42:47Z,10.0.0.144,32997,10.0.0.211,53,TCP,2507,150,drop,1.7,Abnormal packet size
2025-05-04T01:04:47Z,10.0.0.51,48738,10.0.0.217,443,UDP,2659,67,drop,1.86,Abnormal packet size
2025-05-01T11:57:47Z,10.0.0.186,9904,10.0.0.69,53,UDP,517,72,accept,0.76,Normal traffic
2025-05-03T15:41:47Z,10.0.0.81,24716,10.0.0.34,53,TCP,7009,21,drop,0.99,Abnormal packet size
2025-05-01T03:47:47Z,10.0.0.55,35453,10.0.0.140,21,UDP,3269,271,drop,2.21,Unusual traffic detected
2025-05-05T02:48:47Z,10.0.0.28,3668,10.0.0.43,22,UDP,6464,130,accept,0.72,Routine connection
2025-05-06T02:40:47Z,10.0.0.33,44599,10.0.0.168,21,UDP,6947,190,accept,0.05,Normal traffic
2025-05-03T05:54:47Z,10.0.0.106,22169,10.0.0.25,22,TCP,2551,185,accept,0.43,Secure communication
2025-05-03T20:39:47Z,10.0.0.198,16729,10.0.0.78,80,TCP,7124,55,accept,0.59,Normal traffic
2025-05-07T00:07:47Z,10.0.0.52,59490,10.0.0.150,21,UDP,585,262,accept,0.73,Secure communication
2025-04-30T07:01:47Z,10.0.0.99,14480,10.0.0.145,21,UDP,2726,136,accept,0.3,Secure communication
2025-05-06T00:31:47Z,10.0.0.28,23531,10.0.0.73,443,TCP,2810,65,drop,1.87,Suspicious protocol usage
2025-05-03T02:04:47Z,10.0.0.226,57325,10.0.0.174,8080,TCP,3985,293,accept,0.71,Routine connection
2025-05-01T21:09:47Z,10.0.0.102,13388,10.0.0.33,443,TCP,2424,162,drop,2.24,Abnormal packet size
2025-05-01T11:09:47Z,10.0.0.90,19500,10.0.0.161,21,TCP,4634,181,accept,0.18,Normal traffic
2025-05-02T20:11:47Z,10.0.0.96,46012,10.0.0.229,80,TCP,280,237,drop,1.01,Suspicious protocol usage
2025-05-01T12:31:47Z,10.0.0.148,58058,10.0.0.77,53,TCP,1380,191,drop,2.04,Abnormal packet size
2025-05-01T02:18:47Z,10.0.0.205,15424,10.0.0.81,443,TCP,4808,113,accept,0.5,Routine connection
2025-05-03T03:25:47Z,10.0.0.144,16014,10.0.0.69,22,UDP,9575,55,drop,1.05,Unusual traffic detected
2025-05-02T17:19:47Z,10.0.0.240,58656,10.0.0.253,53,UDP,5529,176,accept,0.13,Routine connection
2025-04-30T09:20:47Z,10.0.0.108,31412,10.0.0.160,80,TCP,848,160,drop,0.96,Abnormal packet size
2025-05-01T12:08:47Z,10.0.0.167,7096,10.0.0.51,443,UDP,3048,78,drop,2.06,Suspicious protocol usage
2025-05-01T04:26:47Z,10.0.0.190,29405,10.0.0.244,8080,TCP,2300,218,drop,1.19,Abnormal packet size
2025-05-03T11:03:47Z,10.0.0.141,31199,10.0.0.173,80,TCP,7194,278,accept,0.65,Routine connection
2025-05-03T05:10:47Z,10.0.0.179,51518,10.0.0.104,8080,UDP,7120,11,drop,0.93,Unusual traffic detected
2025-05-05T11:29:47Z,10.0.0.178,14023,10.0.0.223,53,TCP,433,282,drop,1.12,Unusual traffic detected
2025-05-01T09:10:47Z,10.0.0.48,7238,10.0.0.202,21,UDP,3264,226,drop,2.35,Suspicious protocol usage
2025-05-05T22:03:47Z,10.0.0.203,60914,10.0.0.161,22,TCP,7061,22,drop,2.05,Suspicious protocol usage
2025-05-05T07:34:47Z,10.0.0.76,33422,10.0.0.54,8080,TCP,5300,146,drop,1.21,Possible port scan
2025-05-04T02:23:47Z,10.0.0.108,24741,10.0.0.32,8080,UDP,9743,146,accept,0.47,Routine connection
2025-05-06T06:11:47Z,10.0.0.206,61994,10.0.0.13,8080,UDP,3742,162,drop,1.84,Possible port scan
2025-05-04T21:45:47Z,10.0.0.110,43737,10.0.0.234,21,UDP,9811,73,accept,0.75,Normal traffic
2025-05-01T03:41:47Z,10.0.0.143,31379,10.0.0.167,22,TCP,3065,45,accept,0.57,Secure communication
2025-05-02T16:22:47Z,10.0.0.99,33851,10.0.0.203,21,UDP,765,240,drop,1.28,Abnormal packet size
2025-04-30T19:49:47Z,10.0.0.228,21643,10.0.0.236,8080,UDP,4347,190,drop,2.25,Abnormal packet size
2025-05-01T23:18:47Z,10.0.0.68,4264,10.0.0.161,53,UDP,2496,232,drop,2.16,Unusual traffic detected
2025-05-06T00:51:47Z,10.0.0.104,51525,10.0.0.174,8080,TCP,7214,199,accept,0.59,Secure communication
2025-05-07T01:56:47Z,10.0.0.227,7134,10.0.0.112,80,UDP,1269,68,drop,1.44,Possible port scan
2025-05-02T20:40:47Z,10.0.0.30,61350,10.0.0.128,53,UDP,7671,177,drop,1.28,Suspicious protocol usage
2025-05-01T14:01:47Z,10.0.0.236,56336,10.0.0.218,443,UDP,5051,91,drop,1.24,Abnormal packet size
2025-05-03T17:23:47Z,10.0.0.243,15942,10.0.0.82,22,TCP,5460,47,drop,2.09,Suspicious protocol usage
2025-05-02T05:16:47Z,10.0.0.33,28535,10.0.0.153,22,UDP,7151,222,drop,2.01,Abnormal packet size
2025-05-03T19:36:47Z,10.0.0.150,62414,10.0.0.53,80,UDP,6194,175,drop,1.91,Abnormal packet size
2025-05-05T12:29:47Z,10.0.0.67,30381,10.0.0.194,443,UDP,9980,262,drop,1.74,Possible port scan
2025-05-03T21:18:47Z,10.0.0.49,6132,10.0.0.112,8080,UDP,5233,281,accept,0.24,Routine connection
2025-05-05T00:16:47Z,10.0.0.99,10025,10.0.0.216,80,TCP,8636,14,accept,0.24,Routine connection
2025-05-01T22:27:47Z,10.0.0.93,42887,10.0.0.47,21,TCP,1361,125,drop,0.84,Unusual traffic detected
2025-04-30T20:56:47Z,10.0.0.177,16736,10.0.0.5,443,TCP,942,48,drop,2.07,Possible port scan
2025-05-05T09:32:47Z,10.0.0.108,6300,10.0.0.124,22,UDP,1467,100,accept,0.18,Secure communication
2025-05-06T06:24:47Z,10.0.0.187,39067,10.0.0.236,21,UDP,3373,187,accept,0.53,Routine connection
2025-05-04T03:16:47Z,10.0.0.236,36927,10.0.0.127,22,TCP,9041,180,accept,0.31,Secure communication
2025-05-02T01:08:47Z,10.0.0.139,2415,10.0.0.48,53,UDP,2592,278,drop,0.87,Unusual traffic detected
2025-05-05T03:48:47Z,10.0.0.226,53657,10.0.0.189,80,UDP,8356,132,drop,2.29,Possible port scan
2025-05-02T04:59:47Z,10.0.0.42,30548,10.0.0.122,443,UDP,5670,64,accept,0.03,Normal traffic
2025-05-01T21:17:47Z,10.0.0.26,55958,10.0.0.85,22,UDP,4205,136,accept,0.21,Secure communication
2025-05-01T03:21:47Z,10.0.0.185,12402,10.0.0.110,443,TCP,5686,122,accept,0.11,Routine connection
2025-05-02T03:41:47Z,10.0.0.113,36350,10.0.0.70,21,UDP,8954,184,drop,1.1,Suspicious protocol usage
2025-05-02T06:32:47Z,10.0.0.36,36807,10.0.0.120,443,UDP,2271,185,drop,1.49,Suspicious protocol usage
2025-05-06T06:16:47Z,10.0.0.3,32560,10.0.0.36,53,UDP,6191,190,drop,2.17,Possible port scan
2025-05-05T19:26:47Z,10.0.0.4,61858,10.0.0.164,22,UDP,1635,261,accept,0.44,Routine connection
2025-05-05T13:18:47Z,10.0.0.92,39363,10.0.0.244,53,UDP,6305,235,accept,0.75,Normal traffic
2025-05-06T00:21:47Z,10.0.0.92,54649,10.0.0.169,53,TCP,8779,173,accept,0.7,Routine connection
2025-05-06T07:58:47Z,10.0.0.131,15624,10.0.0.83,22,UDP,6724,185,drop,1.8,Possible port scan
2025-05-05T14:22:47Z,10.0.0.57,12347,10.0.0.240,443,TCP,9789,228,drop,2.0,Suspicious protocol usage
2025-05-02T15:04:47Z,10.0.0.115,45470,10.0.0.200,80,UDP,5438,263,drop,1.69,Possible port scan
2025-05-01T02:07:47Z,10.0.0.216,4023,10.0.0.238,8080,TCP,8316,127,drop,2.49,Unusual traffic detected
2025-05-05T03:04:47Z,10.0.0.107,37200,10.0.0.130,80,UDP,5404,241,accept,0.32,Secure communication
2025-05-03T20:29:47Z,10.0.0.227,25293,10.0.0.26,22,TCP,6925,168,accept,0.37,Routine connection
2025-05-01T04:48:47Z,10.0.0.152,62671,10.0.0.214,80,UDP,1096,212,drop,2.23,Suspicious protocol usage
2025-05-02T17:06:47Z,10.0.0.234,37930,10.0.0.19,80,TCP,1615,150,drop,2.12,Suspicious protocol usage
2025-05-04T17:23:47Z,10.0.0.31,9703,10.0.0.206,22,TCP,6617,164,drop,1.98,Possible port scan
2025-05-02T00:09:47Z,10.0.0.183,32270,10.0.0.137,53,UDP,6327,266,drop,2.03,Abnormal packet size
2025-05-04T22:05:47Z,10.0.0.34,9360,10.0.0.54,8080,UDP,2671,15,drop,2.07,Suspicious protocol usage
2025-04-30T10:00:47Z,10.0.0.79,18088,10.0.0.149,80,TCP,7409,239,drop,0.86,Unusual traffic detected
2025-05-01T22:45:47Z,10.0.0.69,20650,10.0.0.70,53,UDP,2522,230,drop,1.48,Unusual traffic detected
2025-05-01T02:43:47Z,10.0.0.225,58602,10.0.0.188,53,UDP,6963,154,drop,1.09,Unusual traffic detected
2025-05-02T19:17:47Z,10.0.0.53,40072,10.0.0.118,22,UDP,257,63,drop,1.41,Abnormal packet size
2025-05-01T22:59:47Z,10.0.0.13,40666,10.0.0.94,53,TCP,7083,123,drop,1.06,Abnormal packet size
2025-05-04T16:55:47Z,10.0.0.45,19982,10.0.0.251,53,TCP,2084,270,drop,2.25,Abnormal packet size
2025-05-01T20:39:47Z,10.0.0.14,45328,10.0.0.128,53,UDP,1743,140,drop,0.84,Possible port scan
2025-05-04T19:06:47Z,10.0.0.39,15832,10.0.0.184,22,UDP,2202,181,drop,2.0,Suspicious protocol usage
2025-05-05T12:04:47Z,10.0.0.189,54252,10.0.0.180,21,UDP,3332,17,drop,2.22,Suspicious protocol usage
2025-05-02T17:40:47Z,10.0.0.205,23934,10.0.0.70,21,TCP,1540,166,drop,0.91,Abnormal packet size
2025-05-06T23:59:47Z,10.0.0.204,33711,10.0.0.173,443,TCP,5864,51,drop,2.07,Suspicious protocol usage
2025-05-06T05:54:47Z,10.0.0.243,19529,10.0.0.101,53,TCP,6639,30,accept,0.42,Secure communication
2025-05-04T05:40:47Z,10.0.0.248,10049,10.0.0.6,53,TCP,2246,102,accept,0.36,Routine connection
2025-05-01T20:23:47Z,10.0.0.3,35361,10.0.0.206,8080,UDP,5140,146,accept,0.55,Routine connection
2025-05-05T11:31:47Z,10.0.0.52,60073,10.0.0.49,22,UDP,6375,254,accept,0.78,Secure communication
2025-05-01T16:43:47Z,10.0.0.132,59363,10.0.0.17,21,TCP,1123,115,drop,1.68,Possible port scan
2025-04-30T12:24:47Z,10.0.0.31,11523,10.0.0.42,443,UDP,3683,258,drop,0.98,Possible port scan
2025-05-02T17:31:47Z,10.0.0.9,23506,10.0.0.33,443,UDP,6578,110,drop,2.12,Possible port scan
2025-05-02T22:15:47Z,10.0.0.174,30766,10.0.0.71,443,TCP,5197,145,drop,2.09,Unusual traffic detected
2025-05-04T08:51:47Z,10.0.0.128,26833,10.0.0.46,53,UDP,2851,284,accept,0.66,Normal traffic
2025-05-06T19:48:47Z,10.0.0.249,9015,10.0.0.241,443,UDP,6411,240,drop,0.86,Suspicious protocol usage
2025-05-02T17:28:47Z,10.0.0.229,60339,10.0.0.172,8080,UDP,6017,101,accept,0.33,Normal traffic
2025-04-30T14:42:47Z,10.0.0.68,1118,10.0.0.120,8080,UDP,4298,80,accept,0.54,Routine connection
2025-05-06T21:44:47Z,10.0.0.30,62207,10.0.0.81,443,TCP,1498,115,accept,0.33,Normal traffic
2025-05-05T22:50:47Z,10.0.0.123,62635,10.0.0.132,53,UDP,5576,172,drop,2.27,Suspicious protocol usage
2025-05-04T20:16:47Z,10.0.0.210,6787,10.0.0.190,21,UDP,4272,126,drop,2.03,Abnormal packet size
2025-05-04T23:13:47Z,10.0.0.202,63745,10.0.0.180,53,TCP,3932,291,drop,1.57,Suspicious protocol usage
2025-05-05T02:23:47Z,10.0.0.4,50691,10.0.0.38,53,UDP,3748,296,drop,2.29,Abnormal packet size
2025-05-05T15:24:47Z,10.0.0.115,62145,10.0.0.15,80,TCP,7751,243,accept,0.16,Secure communication
2025-05-02T17:47:47Z,10.0.0.88,51893,10.0.0.105,443,TCP,2108,102,accept,0.22,Secure communication
2025-05-04T06:03:47Z,10.0.0.53,19113,10.0.0.92,443,TCP,5642,190,drop,1.96,Possible port scan
2025-05-04T00:22:47Z,10.0.0.110,61750,10.0.0.53,8080,UDP,1583,125,accept,0.38,Secure communication
2025-05-07T00:37:47Z,10.0.0.135,17844,10.0.0.105,80,UDP,3528,217,accept,0.5,Normal traffic
2025-05-04T02:31:47Z,10.0.0.150,40770,10.0.0.102,21,UDP,9958,274,drop,1.66,Possible port scan
2025-05-04T22:41:47Z,10.0.0.174,15525,10.0.0.80,8080,TCP,2421,174,accept,0.75,Normal traffic
2025-05-05T07:16:47Z,10.0.0.22,20733,10.0.0.58,80,TCP,6994,119,drop,1.09,Suspicious protocol usage
2025-05-04T15:40:47Z,10.0.0.144,52070,10.0.0.99,8080,TCP,8713,107,drop,2.11,Suspicious protocol usage
2025-05-06T12:36:47Z,10.0.0.101,61466,10.0.0.201,8080,TCP,4855,264,accept,0.53,Normal traffic
2025-04-30T16:44:47Z,10.0.0.157,31058,10.0.0.194,8080,TCP,4220,210,drop,0.84,Possible port scan
2025-05-07T03:29:47Z,10.0.0.62,52582,10.0.0.79,8080,TCP,6570,77,drop,1.1,Suspicious protocol usage
2025-05-04T23:46:47Z,10.0.0.56,7225,10.0.0.45,22,UDP,1521,139,drop,2.14,Suspicious protocol usage
2025-05-01T02:31:47Z,10.0.0.215,28174,10.0.0.109,8080,UDP,7455,57,accept,0.41,Routine connection
2025-05-01T08:16:47Z,10.0.0.233,7838,10.0.0.169,8080,UDP,535,264,accept,0.49,Secure communication
2025-05-04T01:48:47Z,10.0.0.52,5404,10.0.0.197,21,TCP,3361,38,drop,1.58,Abnormal packet size
2025-05-03T22:22:47Z,10.0.0.125,2485,10.0.0.53,80,TCP,7351,287,accept,0.64,Routine connection
2025-05-03T11:56:47Z,10.0.0.109,3884,10.0.0.69,53,UDP,4786,170,accept,0.05,Secure communication
2025-05-02T07:21:47Z,10.0.0.121,6905,10.0.0.26,21,UDP,6612,225,drop,1.83,Suspicious protocol usage
2025-05-02T09:11:47Z,10.0.0.92,9757,10.0.0.67,80,UDP,8399,288,accept,0.02,Secure communication
2025-05-02T01:33:47Z,10.0.0.29,21690,10.0.0.48,8080,UDP,7805,192,drop,1.35,Unusual traffic detected
2025-05-01T17:08:47Z,10.0.0.16,27947,10.0.0.33,443,UDP,2776,154,drop,1.46,Suspicious protocol usage
2025-05-01T14:04:47Z,10.0.0.177,38394,10.0.0.68,80,UDP,5009,124,drop,1.32,Possible port scan
2025-05-03T07:51:47Z,10.0.0.1,3585,10.0.0.106,80,TCP,2430,265,drop,0.8,Suspicious protocol usage
2025-05-02T11:41:47Z,10.0.0.154,44032,10.0.0.170,443,TCP,1054,149,drop,2.03,Unusual traffic detected
2025-05-02T07:10:47Z,10.0.0.87,47833,10.0.0.132,22,UDP,4330,111,drop,2.45,Suspicious protocol usage
2025-04-30T13:04:47Z,10.0.0.59,2900,10.0.0.111,22,UDP,9201,267,drop,2.17,Possible port scan
2025-05-04T21:12:47Z,10.0.0.211,5711,10.0.0.85,8080,UDP,9878,150,drop,1.38,Possible port scan
2025-05-03T09:51:47Z,10.0.0.64,31458,10.0.0.230,8080,UDP,3042,50,drop,1.71,Possible port scan
2025-05-05T21:53:47Z,10.0.0.219,10058,10.0.0.102,21,UDP,900,26,drop,1.33,Abnormal packet size
2025-05-01T14:45:47Z,10.0.0.228,46285,10.0.0.102,80,UDP,2779,207,accept,0.69,Secure communication
2025-05-05T05:09:47Z,10.0.0.214,30503,10.0.0.185,22,UDP,9147,101,accept,0.31,Secure communication
2025-05-02T01:24:47Z,10.0.0.18,45180,10.0.0.207,21,UDP,9636,222,drop,2.41,Possible port scan
2025-05-02T19:54:47Z,10.0.0.68,28316,10.0.0.252,8080,UDP,644,125,drop,1.91,Suspicious protocol usage
2025-05-06T14:19:47Z,10.0.0.56,28563,10.0.0.119,443,UDP,3265,253,accept,0.66,Secure communication
2025-05-03T22:12:47Z,10.0.0.183,8607,10.0.0.170,22,TCP,4052,223,accept,0.57,Normal traffic
2025-05-06T04:44:47Z,10.0.0.80,36891,10.0.0.194,8080,UDP,876,24,drop,0.88,Unusual traffic detected
2025-05-04T19:10:47Z,10.0.0.10,52428,10.0.0.106,8080,UDP,9172,233,drop,2.44,Suspicious protocol usage
2025-05-01T04:40:47Z,10.0.0.183,65343,10.0.0.237,8080,TCP,4642,157,accept,0.63,Secure communication
2025-05-04T14:05:47Z,10.0.0.169,36753,10.0.0.50,8080,TCP,2512,92,drop,1.36,Unusual traffic detected
2025-05-04T19:25:47Z,10.0.0.196,6245,10.0.0.104,21,UDP,7727,187,drop,1.61,Suspicious protocol usage
2025-04-30T17:30:47Z,10.0.0.243,19700,10.0.0.68,21,UDP,3263,119,drop,1.34,Possible port scan
2025-05-02T09:50:47Z,10.0.0.173,23127,10.0.0.101,53,UDP,2441,297,drop,1.92,Possible port scan
2025-05-04T06:46:47Z,10.0.0.153,34834,10.0.0.44,53,TCP,4707,23,accept,0.41,Normal traffic
2025-05-01T11:09:47Z,10.0.0.246,19166,10.0.0.146,53,UDP,2514,278,accept,0.38,Routine connection
2025-05-03T16:57:47Z,10.0.0.4,65251,10.0.0.206,53,TCP,8238,135,drop,0.81,Abnormal packet size
2025-05-06T18:20:47Z,10.0.0.53,17959,10.0.0.7,53,UDP,3823,16,drop,1.21,Unusual traffic detected
2025-05-07T01:08:47Z,10.0.0.87,14230,10.0.0.151,53,UDP,8223,242,drop,2.42,Possible port scan
2025-05-06T09:48:47Z,10.0.0.90,30938,10.0.0.220,443,TCP,8501,34,drop,2.4,Abnormal packet size
2025-05-01T06:27:47Z,10.0.0.201,59668,10.0.0.107,8080,UDP,697,115,drop,0.82,Abnormal packet size
2025-05-05T14:58:47Z,10.0.0.216,59773,10.0.0.37,22,TCP,648,298,accept,0.08,Routine connection
2025-05-04T09:20:47Z,10.0.0.155,18702,10.0.0.92,443,TCP,4421,285,drop,1.9,Unusual traffic detected
2025-05-07T04:39:47Z,10.0.0.86,57776,10.0.0.251,22,TCP,5051,213,drop,1.92,Abnormal packet size
2025-05-06T18:44:47Z,10.0.0.52,30946,10.0.0.235,22,UDP,3691,160,drop,1.73,Suspicious protocol usage
2025-05-03T20:16:47Z,10.0.0.113,55026,10.0.0.96,21,UDP,2930,113,drop,0.85,Unusual traffic detected
2025-05-06T15:27:47Z,10.0.0.197,37208,10.0.0.125,53,UDP,9990,13,accept,0.41,Routine connection
2025-05-02T02:57:47Z,10.0.0.26,13158,10.0.0.134,21,UDP,8972,128,drop,2.47,Suspicious protocol usage
2025-05-02T16:34:47Z,10.0.0.170,3798,10.0.0.178,443,TCP,3391,50,drop,0.96,Unusual traffic detected
2025-05-02T12:50:47Z,10.0.0.122,48656,10.0.0.128,443,TCP,6083,273,drop,1.37,Suspicious protocol usage
2025-05-04T10:57:47Z,10.0.0.45,60759,10.0.0.151,22,UDP,5695,74,drop,2.15,Abnormal packet size
2025-05-05T01:20:47Z,10.0.0.189,6176,10.0.0.248,22,UDP,4376,204,accept,0.44,Normal traffic
2025-05-06T15:43:47Z,10.0.0.176,46695,10.0.0.178,80,TCP,2300,189,drop,2.1,Abnormal packet size
2025-05-02T13:38:47Z,10.0.0.9,38601,10.0.0.94,53,TCP,6599,87,drop,1.14,Suspicious protocol usage
2025-05-01T03:39:47Z,10.0.0.150,19647,10.0.0.9,443,UDP,1762,66,drop,1.01,Unusual traffic detected
2025-05-05T21:05:47Z,10.0.0.1,22117,10.0.0.43,8080,TCP,3427,61,drop,1.06,Abnormal packet size
2025-05-01T11:55:47Z,10.0.0.48,59459,10.0.0.250,21,TCP,8576,222,drop,1.62,Unusual traffic detected
2025-05-04T09:38:47Z,10.0.0.126,44009,10.0.0.157,21,TCP,2532,243,drop,2.36,Unusual traffic detected
2025-05-01T13:36:47Z,10.0.0.137,57727,10.0.0.96,80,TCP,9093,143,accept,0.57,Secure communication
2025-05-02T06:53:47Z,10.0.0.246,53421,10.0.0.131,80,UDP,8012,128,drop,1.55,Unusual traffic detected
2025-05-04T12:48:47Z,10.0.0.119,37927,10.0.0.98,8080,TCP,1942,295,drop,1.04,Suspicious protocol usage
2025-05-01T18:39:47Z,10.0.0.164,3401,10.0.0.217,53,TCP,9930,72,drop,1.46,Suspicious protocol usage
2025-05-02T01:52:47Z,10.0.0.177,38844,10.0.0.175,22,TCP,3518,163,accept,0.36,Normal traffic
2025-05-06T06:25:47Z,10.0.0.181,60110,10.0.0.42,22,TCP,1483,138,drop,1.02,Suspicious protocol usage
2025-04-30T23:16:47Z,10.0.0.244,22920,10.0.0.180,80,TCP,6565,167,drop,0.93,Suspicious protocol usage
2025-05-04T12:04:47Z,10.0.0.61,20851,10.0.0.58,21,TCP,7665,299,drop,1.03,Suspicious protocol usage
2025-04-30T19:36:47Z,10.0.0.243,38083,10.0.0.187,443,UDP,636,264,accept,0.05,Normal traffic
2025-05-01T19:23:47Z,10.0.0.156,47552,10.0.0.114,21,UDP,9489,209,accept,0.6,Routine connection
2025-05-05T14:46:47Z,10.0.0.180,25287,10.0.0.219,53,UDP,8342,24,drop,2.38,Suspicious protocol usage
2025-05-05T13:17:47Z,10.0.0.160,3369,10.0.0.99,80,TCP,9991,289,accept,0.69,Normal traffic
2025-05-01T16:14:47Z,10.0.0.78,5729,10.0.0.163,443,TCP,1416,94,drop,0.91,Abnormal packet size
2025-05-06T07:37:47Z,10.0.0.48,35487,10.0.0.253,443,TCP,4394,47,drop,1.9,Possible port scan
2025-05-05T00:10:47Z,10.0.0.54,19164,10.0.0.44,21,TCP,8804,107,drop,1.98,Suspicious protocol usage
2025-05-03T10:38:47Z,10.0.0.68,28434,10.0.0.86,22,TCP,5020,194,drop,1.35,Abnormal packet size
